{"BLOOM_000": {"attention": 0.3, "memory": 0.2}, "BLOOM_001": {"attention": 0.35, "memory": 0.23}, "BLOOM_002": {"attention": 0.4, "memory": 0.26}, "BLOOM_003": {"attention": 0.45, "memory": 0.29000000000000004}, "BLOOM_004": {"attention": 0.5, "memory": 0.32}, "BLOOM_005": {"attention": 0.55, "memory": 0.35}, "BLOOM_006": {"attention": 0.6000000000000001, "memory": 0.38}, "BLOOM_007": {"attention": 0.65, "memory": 0.41000000000000003}, "BLOOM_008": {"attention": 0.7, "memory": 0.44}, "BLOOM_009": {"attention": 0.75, "memory": 0.47000000000000003}}