{
  "tick": 247,
  "timestamp": "20250727_185047",
  "rendered_files": [],
  "tick_data_snapshot": {
    "tick": 247,
    "timestamp": 1753606247.3847759,
    "scup": 0.699994798989749,
    "entropy": 0.41050318669606417,
    "heat": 0.48092370696089326,
    "mood": "contemplative",
    "simulated": true
  }
}