{
  "tick": 3,
  "timestamp": "20250727_174121",
  "rendered_files": [],
  "tick_data_snapshot": {
    "tick": 3,
    "timestamp": 1753602081.3700025,
    "uptime": 3.5999999999999996,
    "scup": 0.6674598573843432,
    "entropy": 0.3159886003460047,
    "heat": 0.12128457446065499,
    "mood": "reflective",
    "neural_activity": 0.689479790736238,
    "consciousness_depth": 0.48618313151374903,
    "pulse_intensity": 0.7424673692844603,
    "demo_mode": true
  }
}