{
  "tick": 2,
  "timestamp": "20250727_174012",
  "rendered_files": [],
  "tick_data_snapshot": {
    "tick": 2,
    "timestamp": 1753602012.349958,
    "scup": 0.6263336979711907,
    "entropy": 0.4970839926277763,
    "heat": 0.49359881039374454,
    "mood": "curious",
    "consciousness_depth": 0.4118771097434306,
    "test_mode": true
  }
}