{
  "tick": 7,
  "timestamp": "20250727_174007",
  "rendered_files": [],
  "tick_data_snapshot": {
    "tick": 7,
    "timestamp": 1753602007.485153,
    "scup": 0.6966172098701595,
    "entropy": 0.4492521594581216,
    "heat": 0.4912087900864289,
    "mood": "contemplative",
    "simulated": true
  }
}