{
  "tick": 6,
  "timestamp": "20250727_174125",
  "rendered_files": [],
  "tick_data_snapshot": {
    "tick": 6,
    "timestamp": 1753602085.649796,
    "uptime": 7.199999999999999,
    "scup": 0.3195779776959813,
    "entropy": 0.47989886691594524,
    "heat": 0.3733704946127978,
    "mood": "analytical",
    "neural_activity": 0.6959667397859877,
    "consciousness_depth": 0.6804939979816587,
    "pulse_intensity": 0.5600780210057472,
    "demo_mode": true
  }
}