{
  "tick": 9,
  "timestamp": "20250727_174129",
  "rendered_files": [],
  "tick_data_snapshot": {
    "tick": 9,
    "timestamp": 1753602089.9290082,
    "uptime": 10.799999999999999,
    "scup": 0.6811572574554627,
    "entropy": 0.2998287028573592,
    "heat": 0.4971666315714004,
    "mood": "curious",
    "neural_activity": 0.6483059570711349,
    "consciousness_depth": 0.5261088475549232,
    "pulse_intensity": 0.2943547668463836,
    "demo_mode": true
  }
}