{
  "soul_archive_data": {
    "hash": "a3f32402903ed283742b906750fa3a7f23ea43fd247cc219e5d1a54abeca40eb",
    "pattern_family": "juliet_memory",
    "generation_timestamp": 1754303058.1982534,
    "validation_timestamp": 1754303058.198819,
    "memory_id": "deep_memory_echo"
  },
  "dawn_consciousness_parameters": {
    "bloom_entropy": 0.2,
    "mood_valence": -0.3,
    "drift_vector": 0.1,
    "rebloom_depth": 9,
    "sigil_saturation": 0.9,
    "pulse_zone": "flowing",
    "archetype": null
  },
  "visual_characteristics": {
    "complexity": 0.22309197509292836,
    "symmetry_measure": 0.2551511840874864,
    "edge_roughness": 0.22309197509292836,
    "motion_magnitude": 0.0360555127546399,
    "color_variance": 0.0,
    "transparency_variation": 1.1102230246251565e-16,
    "coordinate_count": 48,
    "bounding_box_area": 5.008456768441229
  },
  "quality_metrics": {
    "render_quality": 0.1070841480446056,
    "parameter_fidelity": 0.8,
    "artistic_coherence": 0.17259361743833704,
    "classification_confidence": 0.9
  },
  "artistic_metadata": {
    "owl_commentary": "Ancestral peaceful weaves through flowing space, remembering itself.",
    "pattern_family": "juliet_memory",
    "artistic_coherence": 0.17259361743833704,
    "visual_signature": {
      "complexity_score": 0.22309197509292836,
      "symmetry_measure": 0.2551511840874864,
      "motion_magnitude": 0.0360555127546399,
      "color_variance": 0.0
    }
  },
  "technical_data": {
    "coordinate_count": 48,
    "bounding_box_area": 5.008456768441229,
    "transparency_variation": 1.1102230246251565e-16,
    "edge_roughness": 0.22309197509292836
  }
}