{
  "memory_id": "dawn_memory_20250804_191522_548",
  "consciousness_parameters": {
    "bloom_entropy": 0.35,
    "mood_valence": 0.6,
    "drift_vector": 0.3,
    "rebloom_depth": 9,
    "sigil_saturation": 0.8,
    "pulse_zone": "flowing"
  },
  "old_system_analysis": {
    "complexity_score": 0.3,
    "color_variance": 0.2,
    "symmetry_measure": 0.9,
    "edge_roughness": 0.1,
    "overall_complexity": 0.25
  },
  "new_system_analysis": {
    "complexity_score": 0.16042048068025744,
    "color_variance": 0.13733890986539185,
    "symmetry_measure": 0.23944527844666408,
    "edge_roughness": 0.35,
    "motion_magnitude": 0.0,
    "transparency_variation": 1.1102230246251565e-16,
    "overall_complexity": 0.2802048704878228,
    "parameter_sensitivity": 0.18120167295961753
  },
  "comparison_metrics": {
    "complexity_improvement": 0.030204870487822777,
    "visual_difference_score": 0.049003197528205256,
    "parameter_correlation": 0.18120167295961753
  }
}