{
  "memory_id": "dawn_memory_20250804_190724_953",
  "consciousness_parameters": {
    "bloom_entropy": 0.3,
    "mood_valence": -0.4,
    "drift_vector": -0.5,
    "rebloom_depth": 9,
    "sigil_saturation": 0.6,
    "pulse_zone": "flowing"
  },
  "old_system_analysis": {
    "complexity_score": 0.3,
    "color_variance": 0.2,
    "symmetry_measure": 0.9,
    "edge_roughness": 0.1,
    "overall_complexity": 0.25
  },
  "new_system_analysis": {
    "complexity_score": 0.15421530697077057,
    "color_variance": 0.08975929098093016,
    "symmetry_measure": 0.2258902685222164,
    "edge_roughness": 0.30000000000000004,
    "motion_magnitude": 0.0,
    "transparency_variation": 0.0,
    "overall_complexity": 0.26403839658297396,
    "parameter_sensitivity": 0.14692778729427908
  },
  "comparison_metrics": {
    "complexity_improvement": 0.014038396582973955,
    "visual_difference_score": 0.06711060928869489,
    "parameter_correlation": 0.14692778729427908
  }
}